{
    "Dream-3-int0017-fow": [
        {
            "r": 0.2077039,
            "g": 1.1203,
            "b": 1.0,
            "a": 1.0
        },
        {
            "r": 0.01082189,
            "g": 0.9347723,
            "b": 1.0,
            "a": 1.0
        },
        {
            "r": 0.05176343,
            "g": 1.06304,
            "b": 1.0,
            "a": 1.0
        },
        {
            "r": 0.1328177,
            "g": 1.016845,
            "b": 1.0,
            "a": 1.0
        },
        {
            "r": 0.06676699,
            "g": 1.204326,
            "b": 1.0,
            "a": 1.0
        },
        {
            "r": 0.03421368,
            "g": 0.8293715,
            "b": 1.0,
            "a": 1.0
        },
        {
            "r": 0.1440552,
            "g": 0.7502264,
            "b": 1.0,
            "a": 1.0
        },
        {
            "r": 0.02111807,
            "g": 0.6419146,
            "b": 1.0,
            "a": 1.0
        },
        {
            "r": 0.08236326,
            "g": 1.124482,
            "b": 1.0,
            "a": 1.0
        },
        {
            "r": 0.06615881,
            "g": 1.309979,
            "b": 1.0,
            "a": 1.0
        },
        {
            "r": 0.02707947,
            "g": 0.9397807,
            "b": 1.0,
            "a": 1.0
        },
        {
            "r": 0.09990472,
            "g": 0.7564579,
            "b": 1.0,
            "a": 1.0
        },
        {
            "r": 0.09323142,
            "g": 1.251104,
            "b": 1.0,
            "a": 1.0
        },
        {
            "r": 0.194802,
            "g": 1.432481,
            "b": 1.0,
            "a": 1.0
        },
        {
            "r": 0.2924916,
            "g": 1.391536,
            "b": 1.0,
            "a": 1.0
        },
        {
            "r": 0.2852596,
            "g": 1.218519,
            "b": 1.0,
            "a": 1.0
        },
        {
            "r": 0.1239626,
            "g": 1.071836,
            "b": 1.0,
            "a": 1.0
        },
        {
            "r": 0.1293062,
            "g": 0.8959441,
            "b": 1.0,
            "a": 1.0
        },
        {
            "r": 0.3063821,
            "g": 1.050484,
            "b": 1.0,
            "a": 1.0
        },
        {
            "r": 0.4846025,
            "g": 1.214343,
            "b": 1.0,
            "a": 1.0
        },
        {
            "r": 0.4907753,
            "g": 1.062316,
            "b": 1.0,
            "a": 1.0
        },
        {
            "r": 0.1930396,
            "g": 0.5758316,
            "b": 1.0,
            "a": 1.0
        },
        {
            "r": 0.04731229,
            "g": 0.4544936,
            "b": 1.0,
            "a": 1.0
        },
        {
            "r": 0.2563396,
            "g": 0.4015578,
            "b": 1.0,
            "a": 1.0
        },
        {
            "r": 0.2917517,
            "g": 0.7258878,
            "b": 1.0,
            "a": 1.0
        },
        {
            "r": 0.3430875,
            "g": 0.8902568,
            "b": 1.0,
            "a": 1.0
        },
        {
            "r": 0.4019955,
            "g": 0.5669417,
            "b": 1.0,
            "a": 1.0
        },
        {
            "r": 0.557256,
            "g": 0.9234238,
            "b": 1.0,
            "a": 1.0
        },
        {
            "r": 0.6925438,
            "g": 1.106266,
            "b": 1.0,
            "a": 1.0
        },
        {
            "r": 0.77149,
            "g": 0.9915536,
            "b": 1.0,
            "a": 1.0
        },
        {
            "r": 0.4825259,
            "g": 0.7429067,
            "b": 1.0,
            "a": 1.0
        },
        {
            "r": 0.4663639,
            "g": 0.4315623,
            "b": 1.0,
            "a": 1.0
        },
        {
            "r": 0.2818976,
            "g": 0.247444,
            "b": 1.0,
            "a": 1.0
        },
        {
            "r": 0.3981711,
            "g": 0.3483997,
            "b": 1.0,
            "a": 1.0
        },
        {
            "r": 0.6868629,
            "g": 0.8045006,
            "b": 1.0,
            "a": 1.0
        },
        {
            "r": 0.6108747,
            "g": 0.6177192,
            "b": 1.0,
            "a": 1.0
        },
        {
            "r": 0.6063347,
            "g": 0.530619,
            "b": 1.0,
            "a": 1.0
        },
        {
            "r": 0.8958048,
            "g": 0.901579,
            "b": 1.0,
            "a": 1.0
        },
        {
            "r": 0.9857466,
            "g": 1.088099,
            "b": 1.0,
            "a": 1.0
        },
        {
            "r": 1.0,
            "g": 1.0241,
            "b": 1.0,
            "a": 1.0
        },
        {
            "r": 0.964902,
            "g": 0.8442892,
            "b": 1.0,
            "a": 1.0
        },
        {
            "r": 0.8176145,
            "g": 0.7155726,
            "b": 1.0,
            "a": 1.0
        },
        {
            "r": 0.764246,
            "g": 0.6687152,
            "b": 1.0,
            "a": 1.0
        },
        {
            "r": 0.5735379,
            "g": 0.5018457,
            "b": 1.0,
            "a": 1.0
        },
        {
            "r": 0.4070107,
            "g": 0.3561344,
            "b": 1.0,
            "a": 1.0
        }
    ],
    "Dream-3-int0019-fow": [
        {
            "r": 1.0,
            "g": 1.491211,
            "b": 1.0,
            "a": 1.0
        },
        {
            "r": 1.0,
            "g": 1.457289,
            "b": 1.0,
            "a": 1.0
        },
        {
            "r": 1.0,
            "g": 1.631319,
            "b": 1.0,
            "a": 1.0
        },
        {
            "r": 1.0,
            "g": 1.312006,
            "b": 1.0,
            "a": 1.0
        },
        {
            "r": 1.0,
            "g": 1.362547,
            "b": 1.0,
            "a": 1.0
        },
        {
            "r": 1.0,
            "g": 1.287049,
            "b": 1.0,
            "a": 1.0
        },
        {
            "r": 1.0,
            "g": 1.447062,
            "b": 1.0,
            "a": 1.0
        },
        {
            "r": 1.0,
            "g": 1.289166,
            "b": 1.0,
            "a": 1.0
        },
        {
            "r": 1.0,
            "g": 1.178702,
            "b": 1.0,
            "a": 1.0
        },
        {
            "r": 0.9282603,
            "g": 1.248867,
            "b": 1.0,
            "a": 1.0
        },
        {
            "r": 1.0,
            "g": 1.135482,
            "b": 1.0,
            "a": 1.0
        },
        {
            "r": 1.0,
            "g": 1.122325,
            "b": 1.0,
            "a": 1.0
        },
        {
            "r": 0.8558367,
            "g": 1.0619,
            "b": 1.0,
            "a": 1.0
        },
        {
            "r": 0.715093,
            "g": 1.154608,
            "b": 1.0,
            "a": 1.0
        },
        {
            "r": 0.6526612,
            "g": 0.9675937,
            "b": 1.0,
            "a": 1.0
        },
        {
            "r": 0.8303303,
            "g": 0.8751602,
            "b": 1.0,
            "a": 1.0
        },
        {
            "r": 1.0,
            "g": 0.9962206,
            "b": 1.0,
            "a": 1.0
        },
        {
            "r": 1.0,
            "g": 0.9631163,
            "b": 1.0,
            "a": 1.0
        },
        {
            "r": 0.8271031,
            "g": 0.8160186,
            "b": 1.0,
            "a": 1.0
        },
        {
            "r": 0.6429549,
            "g": 0.6888344,
            "b": 1.0,
            "a": 1.0
        },
        {
            "r": 0.6462899,
            "g": 0.6400236,
            "b": 1.0,
            "a": 1.0
        },
        {
            "r": 1.0,
            "g": 1.140272,
            "b": 1.0,
            "a": 1.0
        },
        {
            "r": 1.0,
            "g": 1.318223,
            "b": 1.0,
            "a": 1.0
        },
        {
            "r": 1.0,
            "g": 1.187915,
            "b": 1.0,
            "a": 1.0
        },
        {
            "r": 1.0,
            "g": 0.9659423,
            "b": 1.0,
            "a": 1.0
        },
        {
            "r": 0.8443435,
            "g": 0.7976094,
            "b": 1.0,
            "a": 1.0
        },
        {
            "r": 1.0,
            "g": 1.004394,
            "b": 1.0,
            "a": 1.0
        },
        {
            "r": 0.6934305,
            "g": 0.6442674,
            "b": 1.0,
            "a": 1.0
        },
        {
            "r": 0.4834271,
            "g": 0.4729558,
            "b": 1.0,
            "a": 1.0
        },
        {
            "r": 0.5716397,
            "g": 0.514095,
            "b": 1.0,
            "a": 1.0
        },
        {
            "r": 0.9048184,
            "g": 0.8226709,
            "b": 1.0,
            "a": 1.0
        },
        {
            "r": 1.0,
            "g": 1.074655,
            "b": 1.0,
            "a": 1.0
        },
        {
            "r": 1.0,
            "g": 1.261893,
            "b": 1.0,
            "a": 1.0
        },
        {
            "r": 1.0,
            "g": 1.171014,
            "b": 1.0,
            "a": 1.0
        },
        {
            "r": 0.7859086,
            "g": 0.7006021,
            "b": 1.0,
            "a": 1.0
        },
        {
            "r": 1.0,
            "g": 0.8875288,
            "b": 1.0,
            "a": 1.0
        },
        {
            "r": 1.0,
            "g": 0.9843477,
            "b": 1.0,
            "a": 1.0
        },
        {
            "r": 0.6972876,
            "g": 0.6125465,
            "b": 1.0,
            "a": 1.0
        },
        {
            "r": 0.4893968,
            "g": 0.4287421,
            "b": 1.0,
            "a": 1.0
        },
        {
            "r": 0.6564174,
            "g": 0.5743652,
            "b": 1.0,
            "a": 1.0
        },
        {
            "r": 0.8525173,
            "g": 0.7459527,
            "b": 1.0,
            "a": 1.0
        },
        {
            "r": 0.907851,
            "g": 0.7980729,
            "b": 1.0,
            "a": 1.0
        },
        {
            "r": 1.0,
            "g": 0.9237474,
            "b": 1.0,
            "a": 1.0
        },
        {
            "r": 1.0,
            "g": 1.104756,
            "b": 1.0,
            "a": 1.0
        },
        {
            "r": 1.0,
            "g": 1.287624,
            "b": 1.0,
            "a": 1.0
        }
    ],
    "Dream-3-int0002-fow": [
        {
            "r": 1.0,
            "g": 2.356931,
            "b": 1.0,
            "a": 1.0
        },
        {
            "r": 0.9494188,
            "g": 2.211923,
            "b": 1.0,
            "a": 1.0
        },
        {
            "r": 1.0,
            "g": 2.389845,
            "b": 1.0,
            "a": 1.0
        },
        {
            "r": 0.8373696,
            "g": 2.184382,
            "b": 1.0,
            "a": 1.0
        },
        {
            "r": 0.9744465,
            "g": 2.338633,
            "b": 1.0,
            "a": 1.0
        },
        {
            "r": 0.7373444,
            "g": 2.03572,
            "b": 1.0,
            "a": 1.0
        },
        {
            "r": 0.8887091,
            "g": 2.073738,
            "b": 1.0,
            "a": 1.0
        },
        {
            "r": 0.6913776,
            "g": 1.893964,
            "b": 1.0,
            "a": 1.0
        },
        {
            "r": 0.7686015,
            "g": 2.17273,
            "b": 1.0,
            "a": 1.0
        },
        {
            "r": 0.9369999,
            "g": 2.335294,
            "b": 1.0,
            "a": 1.0
        },
        {
            "r": 0.6240091,
            "g": 2.014506,
            "b": 1.0,
            "a": 1.0
        },
        {
            "r": 0.5270626,
            "g": 1.861726,
            "b": 1.0,
            "a": 1.0
        },
        {
            "r": 0.7456239,
            "g": 2.177225,
            "b": 1.0,
            "a": 1.0
        },
        {
            "r": 0.9224126,
            "g": 2.346977,
            "b": 1.0,
            "a": 1.0
        },
        {
            "r": 0.7336496,
            "g": 2.197765,
            "b": 1.0,
            "a": 1.0
        },
        {
            "r": 0.552233,
            "g": 2.024187,
            "b": 1.0,
            "a": 1.0
        },
        {
            "r": 0.5679237,
            "g": 2.010628,
            "b": 1.0,
            "a": 1.0
        },
        {
            "r": 0.4116116,
            "g": 1.848042,
            "b": 1.0,
            "a": 1.0
        },
        {
            "r": 0.3751696,
            "g": 1.853323,
            "b": 1.0,
            "a": 1.0
        },
        {
            "r": 0.3625841,
            "g": 1.87741,
            "b": 1.0,
            "a": 1.0
        },
        {
            "r": 0.1826939,
            "g": 1.702146,
            "b": 1.0,
            "a": 1.0
        },
        {
            "r": 0.5079763,
            "g": 1.715845,
            "b": 1.0,
            "a": 1.0
        },
        {
            "r": 0.7100467,
            "g": 1.760783,
            "b": 1.0,
            "a": 1.0
        },
        {
            "r": 0.5745626,
            "g": 1.578777,
            "b": 1.0,
            "a": 1.0
        },
        {
            "r": 0.3221033,
            "g": 1.690622,
            "b": 1.0,
            "a": 1.0
        },
        {
            "r": 0.2021914,
            "g": 1.686,
            "b": 1.0,
            "a": 1.0
        },
        {
            "r": 0.3604359,
            "g": 1.539955,
            "b": 1.0,
            "a": 1.0
        },
        {
            "r": 0.01198037,
            "g": 1.529786,
            "b": 1.0,
            "a": 1.0
        },
        {
            "r": 0.01125046,
            "g": 1.558881,
            "b": 1.0,
            "a": 1.0
        },
        {
            "r": 0.08382779,
            "g": 1.38138,
            "b": 1.0,
            "a": 1.0
        },
        {
            "r": 0.146777,
            "g": 1.523383,
            "b": 1.0,
            "a": 1.0
        },
        {
            "r": 0.4979107,
            "g": 1.398225,
            "b": 1.0,
            "a": 1.0
        },
        {
            "r": 0.702881,
            "g": 1.45302,
            "b": 1.0,
            "a": 1.0
        },
        {
            "r": 0.6067144,
            "g": 1.26843,
            "b": 1.0,
            "a": 1.0
        },
        {
            "r": 0.09136254,
            "g": 1.361435,
            "b": 1.0,
            "a": 1.0
        },
        {
            "r": 0.3027992,
            "g": 1.367155,
            "b": 1.0,
            "a": 1.0
        },
        {
            "r": 0.3927929,
            "g": 1.21977,
            "b": 1.0,
            "a": 1.0
        },
        {
            "r": 0.02231167,
            "g": 1.206907,
            "b": 1.0,
            "a": 1.0
        },
        {
            "r": 0.233476,
            "g": 1.243578,
            "b": 1.0,
            "a": 1.0
        },
        {
            "r": 0.0517653,
            "g": 1.063041,
            "b": 1.0,
            "a": 1.0
        },
        {
            "r": 0.08854129,
            "g": 1.036991,
            "b": 1.0,
            "a": 1.0
        },
        {
            "r": 0.179226,
            "g": 1.198781,
            "b": 1.0,
            "a": 1.0
        },
        {
            "r": 0.2906241,
            "g": 1.04449,
            "b": 1.0,
            "a": 1.0
        },
        {
            "r": 0.501999,
            "g": 1.08484,
            "b": 1.0,
            "a": 1.0
        },
        {
            "r": 0.7150846,
            "g": 1.154605,
            "b": 1.0,
            "a": 1.0
        }
    ],
    "Dream-3-int0018-fow": [
        {
            "r": 0.5020052,
            "g": 1.084842,
            "b": 1.0,
            "a": 1.0
        },
        {
            "r": 0.6526593,
            "g": 0.9675932,
            "b": 1.0,
            "a": 1.0
        },
        {
            "r": 0.7150911,
            "g": 1.154608,
            "b": 1.0,
            "a": 1.0
        },
        {
            "r": 0.4592238,
            "g": 0.9028605,
            "b": 1.0,
            "a": 1.0
        },
        {
            "r": 0.29063,
            "g": 1.04449,
            "b": 1.0,
            "a": 1.0
        },
        {
            "r": 0.6485342,
            "g": 0.7808123,
            "b": 1.0,
            "a": 1.0
        },
        {
            "r": 0.8303289,
            "g": 0.8751598,
            "b": 1.0,
            "a": 1.0
        },
        {
            "r": 0.642954,
            "g": 0.6888338,
            "b": 1.0,
            "a": 1.0
        },
        {
            "r": 0.2776408,
            "g": 0.8742942,
            "b": 1.0,
            "a": 1.0
        },
        {
            "r": 0.08854662,
            "g": 1.03699,
            "b": 1.0,
            "a": 1.0
        },
        {
            "r": 0.4683051,
            "g": 0.7237021,
            "b": 1.0,
            "a": 1.0
        },
        {
            "r": 0.466552,
            "g": 0.594485,
            "b": 1.0,
            "a": 1.0
        },
        {
            "r": 0.09859858,
            "g": 0.8854024,
            "b": 1.0,
            "a": 1.0
        },
        {
            "r": 0.05176256,
            "g": 1.063039,
            "b": 1.0,
            "a": 1.0
        },
        {
            "r": 0.01082204,
            "g": 0.9347717,
            "b": 1.0,
            "a": 1.0
        },
        {
            "r": 0.144056,
            "g": 0.750226,
            "b": 1.0,
            "a": 1.0
        },
        {
            "r": 0.2968786,
            "g": 0.7128361,
            "b": 1.0,
            "a": 1.0
        },
        {
            "r": 0.3062879,
            "g": 0.5501326,
            "b": 1.0,
            "a": 1.0
        },
        {
            "r": 0.161951,
            "g": 0.5676207,
            "b": 1.0,
            "a": 1.0
        },
        {
            "r": 0.02111833,
            "g": 0.6419142,
            "b": 1.0,
            "a": 1.0
        },
        {
            "r": 0.04731146,
            "g": 0.4544936,
            "b": 1.0,
            "a": 1.0
        },
        {
            "r": 0.4560111,
            "g": 0.503381,
            "b": 1.0,
            "a": 1.0
        },
        {
            "r": 0.6462883,
            "g": 0.6400223,
            "b": 1.0,
            "a": 1.0
        },
        {
            "r": 0.4834256,
            "g": 0.4729545,
            "b": 1.0,
            "a": 1.0
        },
        {
            "r": 0.2721216,
            "g": 0.4092308,
            "b": 1.0,
            "a": 1.0
        },
        {
            "r": 0.09996462,
            "g": 0.3896927,
            "b": 1.0,
            "a": 1.0
        },
        {
            "r": 0.2775074,
            "g": 0.3203225,
            "b": 1.0,
            "a": 1.0
        },
        {
            "r": 0.09898938,
            "g": 0.267185,
            "b": 1.0,
            "a": 1.0
        },
        {
            "r": 0.2563385,
            "g": 0.4015577,
            "b": 1.0,
            "a": 1.0
        },
        {
            "r": 0.281897,
            "g": 0.2474435,
            "b": 1.0,
            "a": 1.0
        },
        {
            "r": 0.08516119,
            "g": 0.2276849,
            "b": 1.0,
            "a": 1.0
        },
        {
            "r": 0.3573909,
            "g": 0.3287194,
            "b": 1.0,
            "a": 1.0
        },
        {
            "r": 0.5716383,
            "g": 0.5140938,
            "b": 1.0,
            "a": 1.0
        },
        {
            "r": 0.4893962,
            "g": 0.4287415,
            "b": 1.0,
            "a": 1.0
        },
        {
            "r": 0.07152314,
            "g": 0.08077283,
            "b": 1.0,
            "a": 1.0
        },
        {
            "r": 0.1432605,
            "g": 0.1487733,
            "b": 1.0,
            "a": 1.0
        },
        {
            "r": 0.2862616,
            "g": 0.250479,
            "b": 1.0,
            "a": 1.0
        },
        {
            "r": 0.2029045,
            "g": 0.1775414,
            "b": 1.0,
            "a": 1.0
        },
        {
            "r": 0.3981701,
            "g": 0.3483988,
            "b": 1.0,
            "a": 1.0
        },
        {
            "r": 0.4070096,
            "g": 0.3561334,
            "b": 1.0,
            "a": 1.0
        },
        {
            "r": 0.3069308,
            "g": 0.2685644,
            "b": 1.0,
            "a": 1.0
        },
        {
            "r": 0.1250562,
            "g": 0.1094242,
            "b": 1.0,
            "a": 1.0
        },
        {
            "r": 0.3385177,
            "g": 0.296203,
            "b": 1.0,
            "a": 1.0
        },
        {
            "r": 0.4762557,
            "g": 0.4167238,
            "b": 1.0,
            "a": 1.0
        },
        {
            "r": 0.6564166,
            "g": 0.5743645,
            "b": 1.0,
            "a": 1.0
        }
    ],
    "Dream-3-int0016-fow": [
        {
            "r": 0.3981107,
            "g": 1.567888,
            "b": 1.0,
            "a": 1.0
        },
        {
            "r": 0.2924921,
            "g": 1.391537,
            "b": 1.0,
            "a": 1.0
        },
        {
            "r": 0.1948028,
            "g": 1.432482,
            "b": 1.0,
            "a": 1.0
        },
        {
            "r": 0.5021491,
            "g": 1.542012,
            "b": 1.0,
            "a": 1.0
        },
        {
            "r": 0.6088178,
            "g": 1.713142,
            "b": 1.0,
            "a": 1.0
        },
        {
            "r": 0.4641013,
            "g": 1.375158,
            "b": 1.0,
            "a": 1.0
        },
        {
            "r": 0.2852598,
            "g": 1.218519,
            "b": 1.0,
            "a": 1.0
        },
        {
            "r": 0.4846026,
            "g": 1.214344,
            "b": 1.0,
            "a": 1.0
        },
        {
            "r": 0.7143425,
            "g": 1.699865,
            "b": 1.0,
            "a": 1.0
        },
        {
            "r": 0.8212773,
            "g": 1.865945,
            "b": 1.0,
            "a": 1.0
        },
        {
            "r": 0.656992,
            "g": 1.538715,
            "b": 1.0,
            "a": 1.0
        },
        {
            "r": 0.6541047,
            "g": 1.384217,
            "b": 1.0,
            "a": 1.0
        },
        {
            "r": 0.927394,
            "g": 1.863221,
            "b": 1.0,
            "a": 1.0
        },
        {
            "r": 1.0,
            "g": 2.024589,
            "b": 1.0,
            "a": 1.0
        },
        {
            "r": 1.0,
            "g": 2.030753,
            "b": 1.0,
            "a": 1.0
        },
        {
            "r": 1.0,
            "g": 1.879295,
            "b": 1.0,
            "a": 1.0
        },
        {
            "r": 0.8587723,
            "g": 1.707202,
            "b": 1.0,
            "a": 1.0
        },
        {
            "r": 0.8352124,
            "g": 1.558139,
            "b": 1.0,
            "a": 1.0
        },
        {
            "r": 1.0,
            "g": 1.734892,
            "b": 1.0,
            "a": 1.0
        },
        {
            "r": 1.0,
            "g": 1.913692,
            "b": 1.0,
            "a": 1.0
        },
        {
            "r": 1.0,
            "g": 1.781986,
            "b": 1.0,
            "a": 1.0
        },
        {
            "r": 0.6751146,
            "g": 1.238864,
            "b": 1.0,
            "a": 1.0
        },
        {
            "r": 0.4907756,
            "g": 1.062316,
            "b": 1.0,
            "a": 1.0
        },
        {
            "r": 0.6925442,
            "g": 1.106266,
            "b": 1.0,
            "a": 1.0
        },
        {
            "r": 0.8516685,
            "g": 1.418227,
            "b": 1.0,
            "a": 1.0
        },
        {
            "r": 1.0,
            "g": 1.599458,
            "b": 1.0,
            "a": 1.0
        },
        {
            "r": 0.8605226,
            "g": 1.290446,
            "b": 1.0,
            "a": 1.0
        },
        {
            "r": 1.0,
            "g": 1.661037,
            "b": 1.0,
            "a": 1.0
        },
        {
            "r": 1.0,
            "g": 1.847001,
            "b": 1.0,
            "a": 1.0
        },
        {
            "r": 1.0,
            "g": 1.740729,
            "b": 1.0,
            "a": 1.0
        },
        {
            "r": 1.0,
            "g": 1.475463,
            "b": 1.0,
            "a": 1.0
        },
        {
            "r": 0.9001139,
            "g": 1.178749,
            "b": 1.0,
            "a": 1.0
        },
        {
            "r": 0.7714905,
            "g": 0.9915537,
            "b": 1.0,
            "a": 1.0
        },
        {
            "r": 0.9857475,
            "g": 1.088099,
            "b": 1.0,
            "a": 1.0
        },
        {
            "r": 1.0,
            "g": 1.553361,
            "b": 1.0,
            "a": 1.0
        },
        {
            "r": 1.0,
            "g": 1.366028,
            "b": 1.0,
            "a": 1.0
        },
        {
            "r": 1.0,
            "g": 1.274906,
            "b": 1.0,
            "a": 1.0
        },
        {
            "r": 1.0,
            "g": 1.648993,
            "b": 1.0,
            "a": 1.0
        },
        {
            "r": 1.0,
            "g": 1.836177,
            "b": 1.0,
            "a": 1.0
        },
        {
            "r": 1.0,
            "g": 1.759472,
            "b": 1.0,
            "a": 1.0
        },
        {
            "r": 1.0,
            "g": 1.574336,
            "b": 1.0,
            "a": 1.0
        },
        {
            "r": 1.0,
            "g": 1.461891,
            "b": 1.0,
            "a": 1.0
        },
        {
            "r": 1.0,
            "g": 1.389833,
            "b": 1.0,
            "a": 1.0
        },
        {
            "r": 1.0,
            "g": 1.206255,
            "b": 1.0,
            "a": 1.0
        },
        {
            "r": 1.0,
            "g": 1.024101,
            "b": 1.0,
            "a": 1.0
        }
    ],
    "Dream-3-int0000-fow": [
        {
            "r": 1.0,
            "g": 2.614675,
            "b": 1.0,
            "a": 1.0
        },
        {
            "r": 1.0,
            "g": 2.427498,
            "b": 1.0,
            "a": 1.0
        },
        {
            "r": 1.0,
            "g": 2.535795,
            "b": 1.0,
            "a": 1.0
        },
        {
            "r": 1.0,
            "g": 2.516778,
            "b": 1.0,
            "a": 1.0
        },
        {
            "r": 1.0,
            "g": 2.704275,
            "b": 1.0,
            "a": 1.0
        },
        {
            "r": 0.9807519,
            "g": 2.329282,
            "b": 1.0,
            "a": 1.0
        },
        {
            "r": 0.8278306,
            "g": 2.240376,
            "b": 1.0,
            "a": 1.0
        },
        {
            "r": 0.7827775,
            "g": 2.141786,
            "b": 1.0,
            "a": 1.0
        },
        {
            "r": 1.0,
            "g": 2.616469,
            "b": 1.0,
            "a": 1.0
        },
        {
            "r": 1.0,
            "g": 2.803569,
            "b": 1.0,
            "a": 1.0
        },
        {
            "r": 1.0,
            "g": 2.429431,
            "b": 1.0,
            "a": 1.0
        },
        {
            "r": 0.9667064,
            "g": 2.24247,
            "b": 1.0,
            "a": 1.0
        },
        {
            "r": 1.0,
            "g": 2.725429,
            "b": 1.0,
            "a": 1.0
        },
        {
            "r": 1.0,
            "g": 2.911564,
            "b": 1.0,
            "a": 1.0
        },
        {
            "r": 1.0,
            "g": 2.842592,
            "b": 1.0,
            "a": 1.0
        },
        {
            "r": 1.0,
            "g": 2.65824,
            "b": 1.0,
            "a": 1.0
        },
        {
            "r": 1.0,
            "g": 2.539494,
            "b": 1.0,
            "a": 1.0
        },
        {
            "r": 1.0,
            "g": 2.353808,
            "b": 1.0,
            "a": 1.0
        },
        {
            "r": 1.0,
            "g": 2.474361,
            "b": 1.0,
            "a": 1.0
        },
        {
            "r": 1.0,
            "g": 2.60285,
            "b": 1.0,
            "a": 1.0
        },
        {
            "r": 1.0,
            "g": 2.422026,
            "b": 1.0,
            "a": 1.0
        },
        {
            "r": 0.7906112,
            "g": 2.055608,
            "b": 1.0,
            "a": 1.0
        },
        {
            "r": 0.5959902,
            "g": 1.954291,
            "b": 1.0,
            "a": 1.0
        },
        {
            "r": 0.6177519,
            "g": 1.868873,
            "b": 1.0,
            "a": 1.0
        },
        {
            "r": 0.9860039,
            "g": 2.168434,
            "b": 1.0,
            "a": 1.0
        },
        {
            "r": 1.0,
            "g": 2.29107,
            "b": 1.0,
            "a": 1.0
        },
        {
            "r": 0.8102363,
            "g": 1.98346,
            "b": 1.0,
            "a": 1.0
        },
        {
            "r": 1.0,
            "g": 2.242299,
            "b": 1.0,
            "a": 1.0
        },
        {
            "r": 1.0,
            "g": 2.383332,
            "b": 1.0,
            "a": 1.0
        },
        {
            "r": 1.0,
            "g": 2.20842,
            "b": 1.0,
            "a": 1.0
        },
        {
            "r": 0.9572604,
            "g": 2.108519,
            "b": 1.0,
            "a": 1.0
        },
        {
            "r": 0.598852,
            "g": 1.799008,
            "b": 1.0,
            "a": 1.0
        },
        {
            "r": 0.4536585,
            "g": 1.682308,
            "b": 1.0,
            "a": 1.0
        },
        {
            "r": 0.3905358,
            "g": 1.615259,
            "b": 1.0,
            "a": 1.0
        },
        {
            "r": 0.936591,
            "g": 2.063955,
            "b": 1.0,
            "a": 1.0
        },
        {
            "r": 0.7564922,
            "g": 1.926918,
            "b": 1.0,
            "a": 1.0
        },
        {
            "r": 0.5655264,
            "g": 1.746565,
            "b": 1.0,
            "a": 1.0
        },
        {
            "r": 0.9636621,
            "g": 2.035751,
            "b": 1.0,
            "a": 1.0
        },
        {
            "r": 1.0,
            "g": 2.190125,
            "b": 1.0,
            "a": 1.0
        },
        {
            "r": 1.0,
            "g": 2.02459,
            "b": 1.0,
            "a": 1.0
        },
        {
            "r": 0.821279,
            "g": 1.865947,
            "b": 1.0,
            "a": 1.0
        },
        {
            "r": 0.7605289,
            "g": 1.887387,
            "b": 1.0,
            "a": 1.0
        },
        {
            "r": 0.6088199,
            "g": 1.713144,
            "b": 1.0,
            "a": 1.0
        },
        {
            "r": 0.3981131,
            "g": 1.56789,
            "b": 1.0,
            "a": 1.0
        },
        {
            "r": 0.1948053,
            "g": 1.432483,
            "b": 1.0,
            "a": 1.0
        }
    ],
    "Dream-3-int0001-fow": [
        {
            "r": 0.9228068,
            "g": 2.373462,
            "b": 1.0,
            "a": 1.0
        },
        {
            "r": 0.7336497,
            "g": 2.197765,
            "b": 1.0,
            "a": 1.0
        },
        {
            "r": 0.9224129,
            "g": 2.346977,
            "b": 1.0,
            "a": 1.0
        },
        {
            "r": 0.7481657,
            "g": 2.233908,
            "b": 1.0,
            "a": 1.0
        },
        {
            "r": 0.9521421,
            "g": 2.41426,
            "b": 1.0,
            "a": 1.0
        },
        {
            "r": 0.5520568,
            "g": 2.054836,
            "b": 1.0,
            "a": 1.0
        },
        {
            "r": 0.5522329,
            "g": 2.024187,
            "b": 1.0,
            "a": 1.0
        },
        {
            "r": 0.3625838,
            "g": 1.87741,
            "b": 1.0,
            "a": 1.0
        },
        {
            "r": 0.8125789,
            "g": 2.284914,
            "b": 1.0,
            "a": 1.0
        },
        {
            "r": 1.0,
            "g": 2.468663,
            "b": 1.0,
            "a": 1.0
        },
        {
            "r": 0.5994837,
            "g": 2.101828,
            "b": 1.0,
            "a": 1.0
        },
        {
            "r": 0.3877038,
            "g": 1.919595,
            "b": 1.0,
            "a": 1.0
        },
        {
            "r": 0.9204305,
            "g": 2.349815,
            "b": 1.0,
            "a": 1.0
        },
        {
            "r": 1.0,
            "g": 2.535794,
            "b": 1.0,
            "a": 1.0
        },
        {
            "r": 1.0,
            "g": 2.427498,
            "b": 1.0,
            "a": 1.0
        },
        {
            "r": 0.8278304,
            "g": 2.240376,
            "b": 1.0,
            "a": 1.0
        },
        {
            "r": 0.7062672,
            "g": 2.164099,
            "b": 1.0,
            "a": 1.0
        },
        {
            "r": 0.4921892,
            "g": 1.97872,
            "b": 1.0,
            "a": 1.0
        },
        {
            "r": 0.6185496,
            "g": 2.053323,
            "b": 1.0,
            "a": 1.0
        },
        {
            "r": 0.7827777,
            "g": 2.141786,
            "b": 1.0,
            "a": 1.0
        },
        {
            "r": 0.5959905,
            "g": 1.954291,
            "b": 1.0,
            "a": 1.0
        },
        {
            "r": 0.1818927,
            "g": 1.738482,
            "b": 1.0,
            "a": 1.0
        },
        {
            "r": 0.1826933,
            "g": 1.702146,
            "b": 1.0,
            "a": 1.0
        },
        {
            "r": 0.01125044,
            "g": 1.55888,
            "b": 1.0,
            "a": 1.0
        },
        {
            "r": 0.2781821,
            "g": 1.793781,
            "b": 1.0,
            "a": 1.0
        },
        {
            "r": 0.4140293,
            "g": 1.866359,
            "b": 1.0,
            "a": 1.0
        },
        {
            "r": 0.06558,
            "g": 1.609436,
            "b": 1.0,
            "a": 1.0
        },
        {
            "r": 0.421559,
            "g": 1.766797,
            "b": 1.0,
            "a": 1.0
        },
        {
            "r": 0.6177521,
            "g": 1.868873,
            "b": 1.0,
            "a": 1.0
        },
        {
            "r": 0.4536586,
            "g": 1.682309,
            "b": 1.0,
            "a": 1.0
        },
        {
            "r": 0.225532,
            "g": 1.679515,
            "b": 1.0,
            "a": 1.0
        },
        {
            "r": 0.1004507,
            "g": 1.425913,
            "b": 1.0,
            "a": 1.0
        },
        {
            "r": 0.08382886,
            "g": 1.381379,
            "b": 1.0,
            "a": 1.0
        },
        {
            "r": 0.2334768,
            "g": 1.243578,
            "b": 1.0,
            "a": 1.0
        },
        {
            "r": 0.2514507,
            "g": 1.579305,
            "b": 1.0,
            "a": 1.0
        },
        {
            "r": 0.05285008,
            "g": 1.492836,
            "b": 1.0,
            "a": 1.0
        },
        {
            "r": 0.08710336,
            "g": 1.306392,
            "b": 1.0,
            "a": 1.0
        },
        {
            "r": 0.2755266,
            "g": 1.495978,
            "b": 1.0,
            "a": 1.0
        },
        {
            "r": 0.3905363,
            "g": 1.61526,
            "b": 1.0,
            "a": 1.0
        },
        {
            "r": 0.1948056,
            "g": 1.432484,
            "b": 1.0,
            "a": 1.0
        },
        {
            "r": 0.06616125,
            "g": 1.309982,
            "b": 1.0,
            "a": 1.0
        },
        {
            "r": 0.09265713,
            "g": 1.391815,
            "b": 1.0,
            "a": 1.0
        },
        {
            "r": 0.06676327,
            "g": 1.204329,
            "b": 1.0,
            "a": 1.0
        },
        {
            "r": 0.2077071,
            "g": 1.120301,
            "b": 1.0,
            "a": 1.0
        },
        {
            "r": 0.05176487,
            "g": 1.063041,
            "b": 1.0,
            "a": 1.0
        }
    ]
}