{
    "areaId": "Martinaise-ext",
    "partyState": {
        "isKimInParty": true,
        "isKimLeftOutside": false,
        "isKimAbandoned": false,
        "isKimAwayUpToMorning": false,
        "isKimSleepingInHisRoom": false,
        "isCunoInParty": false,
        "isCunoLeftOutside": false,
        "isCunoAbandoned": true,
        "isKimSayingGoodMorning": false,
        "sleepLocation": 0,
        "waitLocation": 0,
        "cunoWaitLocation": 0,
        "timeSinceKimWentSleepingInHisRoom": 2785,
        "kimLastArrivalLocation": 3,
        "cunoLastArrivalLocation": 0,
        "hasHangover": false
    },
    "fowUnrevealersStatusCache": {
        "fog-whirling-klaasje-main": "ACTIVE",
        "fog-whirling-kitsuragi": "UNSEEN",
        "fog-whirling-klaasje-bathroom": "ACTIVE",
        "fog-main": "ACTIVE",
        "fog-whirling-backstage": "UNSEEN",
        "fog-whirling-union": "ACTIVE",
        "fog-whirling-kitchen": "ACTIVE",
        "fog-doomed-f1_curtains": "ACTIVE",
        "fow_capeside-apps_bathroom": "ACTIVE",
        "fow_capeside-apps_destroyed": "ACTIVE",
        "fow_capeside-apps_empty": "UNSEEN",
        "fow_capeside-apps_hobo": "ACTIVE",
        "fow_capeside-apps_mazov": "ACTIVE",
        "fow_capeside-apps_cunos": "UNSEEN",
        "fog-evrart-office": "ACTIVE",
        "fog-cryptozoo": "ACTIVE",
        "fow_wcw-right": "ACTIVE",
        "fow_wcw-left": "ACTIVE",
        "fog-boytoy-kitchen": "ACTIVE",
        "fog-whirling3-bedroom": "ACTIVE",
        "fog-whirling3-workshop": "UNSEEN"
    }
}