{
    "areaId": "Martinaise-ext",
    "partyState": {
        "isKimInParty": false,
        "isKimLeftOutside": false,
        "isKimAbandoned": true,
        "isKimAwayUpToMorning": false,
        "isKimSleepingInHisRoom": false,
        "isCunoInParty": true,
        "isCunoLeftOutside": false,
        "isCunoAbandoned": false,
        "isKimSayingGoodMorning": false,
        "sleepLocation": 0,
        "waitLocation": 4,
        "cunoWaitLocation": 1,
        "timeSinceKimWentSleepingInHisRoom": 2785,
        "kimLastArrivalLocation": 0,
        "cunoLastArrivalLocation": 0,
        "hasHangover": false
    },
    "fowUnrevealersStatusCache": {
        "fog-whirling-klaasje-main": "ACTIVE",
        "fog-whirling-kitsuragi": "ACTIVE",
        "fog-whirling-klaasje-bathroom": "ACTIVE",
        "fog-main": "ACTIVE",
        "fog-whirling-backstage": "UNSEEN",
        "fog-whirling-union": "ACTIVE",
        "fog-whirling-kitchen": "ACTIVE",
        "fog-doomed-f1_curtains": "ACTIVE",
        "fow_capeside-apps_bathroom": "ACTIVE",
        "fow_capeside-apps_destroyed": "ACTIVE",
        "fow_capeside-apps_empty": "UNSEEN",
        "fow_capeside-apps_hobo": "ACTIVE",
        "fow_capeside-apps_mazov": "ACTIVE",
        "fow_capeside-apps_cunos": "ACTIVE",
        "fog-evrart-office": "ACTIVE",
        "fog-cryptozoo": "ACTIVE",
        "fow_wcw-right": "ACTIVE",
        "fow_wcw-left": "ACTIVE",
        "fog-boytoy-kitchen": "ACTIVE",
        "fog-whirling3-bedroom": "ACTIVE",
        "fog-whirling3-workshop": "UNSEEN",
        "fow_church": "UNSEEN",
        "fog-doomed-back": "UNSEEN",
        "fog-doomed-storage": "ACTIVE",
        "fog-doomed-main": "ACTIVE",
        "fog-doomed-stairs": "UNSEEN",
        "fog-doomed-tower": "UNSEEN",
        "fog-doomed-gym": "ACTIVE",
        "fog-whirling-rifles": "ACTIVE",
        "fog-instigators-bedroom (1)": "UNSEEN",
        "fog-instigators-bedroom": "ACTIVE",
        "fog-instigators-sea": "UNSEEN"
    }
}